{
  "npctype": "chat",
  "skins": [
    {
      "filename": "firebreather2.png"
    }
  ],
  "names": [
    {
      "name": "Нетсу"
    }
  ],
  "chat": [
    {
      "lines": [
        {
          "text": "Добро пожаловать в Адский Гим."
        },
        {
          "text": "Лидер Гима отдыхает на лавовой реки"
        },
        {
          "text": "Постарайся туда не упасть. Это лёгкий путь сгореть!"
        }
      ]
    }
  ]
}
