{
  "npctype": "trainer",
  "winnings": 52,

  "skins": [
    {
      "filename": "fireleader2.png"
    }
  ],
  "names": [
    {
      "name": "Касай"
    }
  ],
  "chat": [
    {
      "opening": "Эй, малышь! Я лидер здешних мест. Ты думаешь, что сможешь потушить этот огонь? Увидим!",
      "win": "Извини, что разрушил твои планы сжечь меня!",
      "lose": "Невозможно! Я думаю, я недостаточно яркий.."
    }
  ]
}
