{
  "npctype": "chat",
  "skins": [
    {
      "filename": "hiker.png"
    }
  ],
  "names": [
    {
      "name": "Джош"
    }
  ],
  "chat": [
    {
      "lines": [
        {
          "text": "Добро пожаловать в Гим Пера."
        },
        {
          "text": "Лидер находится на самом верху!"
        },
        {
          "text": "Будь осторжен, пригая с ветки на ветку! Это путь упасть вниз.."
        }
      ]
    }
  ]
}
