{
  "npctype": "trainer",
  "winnings": 52,

  "skins": [
    {
      "filename": "flyingleader1.png"
    }
  ],
  "names": [
    {
      "name": "Икарус"
    }
  ],
  "chat": [
    {
      "opening": "Так... Претендент достиг самого верха... Только чтобы его столкнули вниз!",
      "win": "О да, победа! Желаю удачи подниматься снова!",
      "lose": "Ого... Такое ощущение, будто я падаю прямо вниз."
    }
  ]
}
