{
  "npctype": "chat",
  "skins": [
    {
      "filename": "artist.png"
    }
  ],
  "names": [
    {
      "name": "Грег"
    }
  ],
  "chat": [
    {
      "lines": [
        {
          "text": "Добро пожаловать в Гим Плюща."
        },
        {
          "text": "Наш лидер любит связывать своих оппонентов в узлы!"
        },
        {
          "text": "Постарайтесь не потеряться в длинной траве! Никогда не знаешь, что там тебя ожидает..."
        }
      ]
    }
  ]
}
