{
  "npctype": "chat",
  "skins": [
    {
      "filename": "ornithologist.png"
    }
  ],
  "names": [
    {
      "name": "Джордж"
    }
  ],
  "chat": [
    {
      "lines": [
        {
          "text": "Добро пожаловать в Гим-курорт Песчанные пещеры"
        },
        {
          "text": "Наш лидер заставит тебя проиграть!"
        },
        {
          "text": "Когда ты почувствуешь, что уже победил, битва только начнётся."
        }
      ]
    }
  ]
}
