{
  "npctype": "chat",
  "skins": [
    {
      "filename": "fisherman.png"
    }
  ],
  "names": [
    {
      "name": "Гарри"
    }
  ],
  "chat": [
    {
      "lines": [
        {
          "text": "Добро пожаловать в Гим Снежинка."
        },
        {
          "text": "Наш лидер любит замораживать своих оппонентов!"
        },
        {
          "text": "Не падай в снежинки, это больно..."
        }
      ]
    }
  ]
}
