{
  "npctype": "chat",
  "skins": [
    {
      "filename": "fisherman.png"
    }
  ],
  "names": [
    {
      "name": "Гарри"
    }
  ],
  "chat": [
    {
      "lines": [
        {
          "text": "Добро пожаловать в Морозный Гим."
        },
        {
          "text": "Наш лидер любит замораживать врагов!"
        },
        {
          "text": "Смотри, не падай вводу, не то замёрзнешь!"
        }
      ]
    }
  ]
}
