{
  "npctype": "chat",
  "skins": [
    {
      "filename": "madame.png"
    }
  ],
  "names": [
    {
      "name": "Ларентия"
    }
  ],
  "chat": [
    {
      "lines": [
        {
          "text": "Доброй пожаловать в Мистический Гим."
        },
        {
          "text": "Наш Гим лидер был золотым учеником. Он всегда отвечал правильно."
        },
         {
          "text": "Вероятно, потому что у него есть психические силы. Он видит всё, что случится в будущем..."
        },
        {
          "text": "В любом случае, здесь невидимые стены. Попробуй найди верный путь до Гим Лидера!"
        }
      ]
    }
  ]
}
