{
  "npctype": "trainer",
  "winnings": 52,

  "skins": [
    {
      "filename": "psychicleader1.png"
    }
  ],
  "names": [
    {
      "name": "Ордо"
    }
  ],
  "chat": [
    {
      "opening": "Можешь не представляться. Я знаю кто ты. И я знаю, что ты проиграешь!",
      "win": "Не удивительно, что ты проиграл...",
      "lose": "Я... Я проиграл? Я ошибся? Я никогда не ошиблся прежде!"
    }
  ]
}
