{
  "npctype": "chat",
  "skins": [
    {
      "filename": "blacksmith.png"
    }
  ],
  "names": [
    {
      "name": "Ильфред"
    }
  ],
  "chat": [
    {
      "lines": [
        {
          "text": "Добро пожаловать в Каменный Гим."
        },
        {
          "text": "Наш лидер заставит тебя проиграть!"
        },
        {
          "text": "Когда ты почувствуешь, что уже победил, битва только начнётся."
        }
      ]
    }
  ]
}
