{
  "npctype": "trainer",
  "winnings": 32,

  "skins": [
    {
      "filename": "swimmer_m1.png"
    },
	{
      "filename": "swimmer_m2.png"
    },
	{
      "filename": "swimmer_f1.png"
    },
	{
      "filename": "swimmer_f2.png"
    }
  ],
  "names": [
    {
      "name": "Пловец"
    }
  ],
  "chat": [
    {
      "opening": "Тебе нравится тренироваться здесь?",
      "win": "Я непобедим там, где родился.",
      "lose": "Невозможно!"
    }
  ]
}
