{
  "npctype": "trainer",
  "winnings": 52,

  "skins": [
    {
      "filename": "waterleader2.png"
    }
  ],
  "names": [
    {
      "name": "Тайд"
    }
  ],
  "chat": [
    {
      "opening": "Поток времени привёл тебя сюда, но поток воды отбросит тебя назад!",
      "win": "Вода переживёт всех, в том числе и тебя!",
      "lose": "Похоже, что потом времени настиг меня..."
    }
  ]
}
