{
  "npctype": "trainer",
  "winnings": 32,

  "skins": [
    {
      "filename": "swimmer_m1.png"
    },
	{
      "filename": "swimmer_m2.png"
    },
	{
      "filename": "swimmer_f1.png"
    },
	{
      "filename": "swimmer_f2.png"
    }
  ],
  "names": [
    {
      "name": "Пловец"
    }
  ],
  "chat": [
    {
      "opening": "Вода здесь такая освежающая!",
      "win": "Воды было слишком много?",
      "lose": "Ох! Мне нужно поплавать, чтобы успокоиться..."
    }
  ]
}
