{
  "npctype": "chat",
  "skins": [
    {
      "filename": "sailor.png"
    }
  ],
  "names": [
    {
      "name": "Грег"
    }
  ],
  "chat": [
    {
      "lines": [
        {
          "text": "Добро пожаловать в Стрим-Плаза."
        },
        {
          "text": "Гим лидер здесь любит воду, и он обязательно тебя потушит!"
        },
        {
          "text": "Посмотрим, сможет ли твой Покемон выдержать шторм!"
        }
      ]
    }
  ]
}
